matrix_size,time
10,1.2806000029286224e-05
20,1.6841999979533284e-05
30,2.459699999235454e-05
40,3.294299997946837e-05
50,4.68969999900537e-05
60,6.194900004174997e-05
70,0.0001097560000005
80,0.000124865999993
90,0.00015392600001
100,0.0001835210000535
110,0.0002183280000167
120,0.0002490969999939
130,0.0002947619999815
140,0.0003398170000252
150,0.0004083619999732
160,0.0004549960000304
170,0.000530451000003
180,0.0005636929999894
190,0.0006324830000039
200,0.0006959920000042
