matrix_size,time
10,8.60599993757205e-06
20,1.304400029766839e-05
30,2.1562000256381e-05
40,2.9356000595726076e-05
50,4.46659996669041e-05
60,6.098599988035858e-05
70,8.30549997772323e-05
80,0.0001016850001178
90,0.0001361259992336
100,0.0001275079994229
110,0.0001449369992769
120,0.0001622009995116
130,0.0001981699997486
140,0.0002186600004279
150,0.0002438569999867
160,0.0002871180004149
170,0.0003168470002492
180,0.0003759270002774
190,0.0004444219994184
200,0.0004816549999304
