matrix_size,time
10,2.362599980187952e-05
20,2.8684999961114958e-05
30,3.511600016281591e-05
40,4.254199984643492e-05
50,5.185000009078067e-05
60,6.302199994934199e-05
70,7.719299992459128e-05
80,8.71320000896958e-05
90,0.0001046320001023
100,0.00012228699984
110,0.0001443690000542
120,0.000166831000115
130,0.0001936840000098
140,0.000213469999835
150,0.0002480090000744
160,0.0002813539999806
170,0.0003062069999941
180,0.0003195909998794
190,0.0003495109999676
200,0.0004123690000596
